{
    "confidence_score": 0.9523380398750305,
    "ptm": 0.9591156244277954,
    "iptm": 0.9541695713996887,
    "ligand_iptm": 0.0,
    "protein_iptm": 0.9541695713996887,
    "complex_plddt": 0.9518800973892212,
    "complex_iplddt": 0.9493726491928101,
    "complex_pde": 0.309440016746521,
    "complex_ipde": 0.36340245604515076,
    "chains_ptm": {
        "0": 0.975860059261322,
        "1": 0.9757612347602844
    },
    "pair_chains_iptm": {
        "0": {
            "0": 0.975860059261322,
            "1": 0.9539361596107483
        },
        "1": {
            "0": 0.9541695713996887,
            "1": 0.9757612347602844
        }
    }
}