{
    "confidence_score": 0.9538307189941406,
    "ptm": 0.9570237398147583,
    "iptm": 0.9522331357002258,
    "ligand_iptm": 0.0,
    "protein_iptm": 0.9522331357002258,
    "complex_plddt": 0.9542300701141357,
    "complex_iplddt": 0.953722357749939,
    "complex_pde": 0.3100980222225189,
    "complex_ipde": 0.3911881148815155,
    "chains_ptm": {
        "0": 0.976000189781189,
        "1": 0.9759122133255005
    },
    "pair_chains_iptm": {
        "0": {
            "0": 0.976000189781189,
            "1": 0.9522311687469482
        },
        "1": {
            "0": 0.9522331357002258,
            "1": 0.9759122133255005
        }
    }
}