{
    "confidence_score": 0.9542003870010376,
    "ptm": 0.9557737112045288,
    "iptm": 0.9516245722770691,
    "ligand_iptm": 0.0,
    "protein_iptm": 0.9516245722770691,
    "complex_plddt": 0.9548443555831909,
    "complex_iplddt": 0.9568458795547485,
    "complex_pde": 0.31585583090782166,
    "complex_ipde": 0.3692980110645294,
    "chains_ptm": {
        "0": 0.9734624624252319,
        "1": 0.9743379354476929
    },
    "pair_chains_iptm": {
        "0": {
            "0": 0.9734624624252319,
            "1": 0.9498615264892578
        },
        "1": {
            "0": 0.9516245722770691,
            "1": 0.9743379354476929
        }
    }
}