{
    "confidence_score": 0.9586788415908813,
    "ptm": 0.9529994130134583,
    "iptm": 0.9448010921478271,
    "ligand_iptm": 0.0,
    "protein_iptm": 0.9448010921478271,
    "complex_plddt": 0.9621483087539673,
    "complex_iplddt": 0.9630019664764404,
    "complex_pde": 0.33395788073539734,
    "complex_ipde": 0.43793296813964844,
    "chains_ptm": {
        "0": 0.9677518606185913,
        "1": 0.9680076837539673
    },
    "pair_chains_iptm": {
        "0": {
            "0": 0.9677518606185913,
            "1": 0.9448010921478271
        },
        "1": {
            "0": 0.9440643191337585,
            "1": 0.9680076837539673
        }
    }
}