,time,Backbone,C-alphas,Protein
0,0.0,7.45737318936624e-07,3.880940053408504e-07,4.147557548280928e-07
1,1.0000000328495406,0.9025029593262772,0.878470479326461,1.281971955392375
2,2.0000000656990813,0.7517760202317274,0.7347811203484143,1.2622391851776236
3,3.0000000985486217,0.8062410696338485,0.7908607537484418,1.3299115474852632
4,4.000000131398163,0.9472202240395938,0.921794037781684,1.432431362676259
5,5.000000164247703,0.9884198090905896,0.9667072949760681,1.5044981819232195
6,6.000000197097243,1.1343528588915155,1.1193205337375063,1.6386130309515488
7,7.000000229946784,1.0730872057533845,1.0531783764397187,1.5837308271571495
8,8.000000262796325,1.0322977261596462,1.0153348479955548,1.5226944379310248
9,9.000000295645865,0.9753107462827295,0.9543323487292806,1.4887760010023454
10,10.000000328495407,0.9073809394435822,0.8894921661359165,1.4580058120088129
11,11.000000361344947,0.9595740858955627,0.9444264884973658,1.4830122597115996
12,12.000000394194487,0.917761072432866,0.8977915580017932,1.4708874603326745
13,13.000000427044029,0.9412065411320051,0.9236580791235705,1.4943823039866735
14,14.000000459893569,0.9905301109110157,0.9733661845575015,1.4987272976413637
15,15.00000049274311,0.9790610048454436,0.9613161181277418,1.4963630314784384
16,16.00000052559265,1.1554033555944874,1.1475113171467954,1.6827164501297196
17,17.000000558442192,0.9617192147798055,0.949519483017917,1.5554708782624993
18,18.00000059129173,0.9898765965271424,0.9795185577081958,1.564050747979133
19,19.000000624141272,1.0812969652267692,1.0647307079367643,1.5659038424120748
20,20.000000656990814,1.06640593365709,1.0461787122533064,1.5698132711222668
21,21.000000689840352,0.983241602169686,0.970781726465591,1.530073249460615
22,22.000000722689894,1.0533444848042806,1.0363652571630175,1.5690484555788629
23,23.000000755539435,1.101236387568021,1.0853550631613897,1.5849819735366195
24,24.000000788388974,1.1725035991417994,1.1671883647982213,1.6640430825966301
