,time,Backbone,C-alphas,Protein
0,0.0,2.437852443793797e-06,4.309554986346976e-07,4.3708288637159783e-07
1,1.0000000328495406,0.8186240526644911,0.8068056354380098,1.2855057242762382
2,2.0000000656990813,0.7871726731977293,0.7699764141888286,1.3025875415164967
3,3.0000000985486217,0.9451599247656446,0.933554460902654,1.4614350753877785
4,4.000000131398163,0.9699161890745539,0.9615962363972247,1.4957398946426634
5,5.000000164247703,0.9913368915272617,0.9815280826502043,1.5501722035569174
6,6.000000197097243,1.0111321101444473,1.003672925349592,1.5762273777728657
7,7.000000229946784,1.0593437459706283,1.0484287024158485,1.6426533575129132
8,8.000000262796325,1.018315027223073,1.0080224051852396,1.5596498139477846
9,9.000000295645865,1.1760765618655356,1.1723766626433567,1.6852731524349496
10,10.000000328495407,1.0767017433685582,1.066268116818081,1.6235785815235575
11,11.000000361344947,0.8643777687954062,0.8504927581546902,1.5118908750491469
12,12.000000394194487,1.0121069834457035,1.0069956595131033,1.6423699843685333
13,13.000000427044029,0.9011709609368436,0.8974598451423176,1.595020985257126
14,14.000000459893569,0.934456824637891,0.9267222059718766,1.6097647371878145
15,15.00000049274311,0.9000913815770695,0.8882188071938945,1.61599795746694
16,16.00000052559265,1.007781258112867,1.0010868878272183,1.6580814115610694
17,17.000000558442192,0.8957260038919593,0.8810482086239777,1.5792595023653595
18,18.00000059129173,0.8756503180946457,0.8629750639096774,1.5738487216477486
19,19.000000624141272,1.0449530187473355,1.0368891264532112,1.7107403432949853
20,20.000000656990814,1.0370461247102887,1.0333968058661458,1.7352914661769405
21,21.000000689840352,1.0805811372114507,1.0771843300981654,1.7585394983849088
22,22.000000722689894,1.153322170644011,1.150657544465784,1.8099768743052707
23,23.000000755539435,1.049847849445894,1.0432468730017002,1.7110099805761152
24,24.000000788388974,1.15432789642244,1.1543409775371485,1.7778602853350274
