{
    "confidence_score": 0.9605875015258789,
    "ptm": 0.9571501016616821,
    "iptm": 0.9515905976295471,
    "ligand_iptm": 0.0,
    "protein_iptm": 0.9515905976295471,
    "complex_plddt": 0.9628366827964783,
    "complex_iplddt": 0.9708381295204163,
    "complex_pde": 0.33312883973121643,
    "complex_ipde": 0.3780856132507324,
    "chains_ptm": {
        "0": 0.9684736728668213,
        "1": 0.9685840010643005
    },
    "pair_chains_iptm": {
        "0": {
            "0": 0.9684736728668213,
            "1": 0.9515905976295471
        },
        "1": {
            "0": 0.9512196779251099,
            "1": 0.9685840010643005
        }
    }
}