,time,Backbone,C-alphas,Protein
0,0.0,8.611032836656194e-07,4.1687983462518315e-07,4.081738229794861e-07
1,1.0000000328495406,0.9388502919744971,0.9214099995539684,1.3321582459511674
2,2.0000000656990813,0.840770515207181,0.8147833847005659,1.313986834693636
3,3.0000000985486217,0.7637271584136329,0.7445273595295975,1.3321439786647422
4,4.000000131398163,0.8349202081940432,0.815334538495314,1.3725520069574666
5,5.000000164247703,1.0369024262985949,1.019667661789736,1.5755546379086445
6,6.000000197097243,0.8530696557963743,0.8310031645613793,1.435792554315924
7,7.000000229946784,0.95991310042336,0.9523632813926692,1.5076893687730348
8,8.000000262796325,1.0599105961285888,1.0405788755596186,1.622496431018949
9,9.000000295645865,1.1563557846981827,1.1444238921034458,1.7188050781128659
10,10.000000328495407,0.9874714499567968,0.9847979116403291,1.632241914307923
11,11.000000361344947,0.9962936588700333,0.9730272531892654,1.6161888965255655
12,12.000000394194487,1.0751580040764532,1.0745305486568226,1.6966358187243427
13,13.000000427044029,1.2047757767936342,1.2000308546918772,1.7778230769591716
14,14.000000459893569,1.2196789744107626,1.2119509733445921,1.8236996735363935
15,15.00000049274311,1.308043585338377,1.3050716769722344,1.8828041005116942
16,16.00000052559265,1.2798744088827672,1.275293474577266,1.8188176596564252
17,17.000000558442192,1.1803224196281605,1.1735149428915903,1.7988102596702416
18,18.00000059129173,1.4680696091914265,1.4673115300579804,2.015306156795368
19,19.000000624141272,1.3437784616616149,1.3416376250650066,1.9392212628480177
20,20.000000656990814,1.3202255612417098,1.317215416633534,1.924923945248847
21,21.000000689840352,1.314293935846347,1.3105690296904746,1.8950898879428453
22,22.000000722689894,1.449202857884122,1.4390890690533653,1.9706640136297915
23,23.000000755539435,1.3651674055984548,1.3644237684358536,1.915461537725525
24,24.000000788388974,1.442133215976109,1.4452398710695304,2.0134591341024626
