{
    "confidence_score": 0.9565324783325195,
    "ptm": 0.9443697333335876,
    "iptm": 0.0,
    "ligand_iptm": 0.0,
    "protein_iptm": 0.0,
    "complex_plddt": 0.9595731496810913,
    "complex_iplddt": 0.0,
    "complex_pde": 0.35822921991348267,
    "complex_ipde": 0.0,
    "chains_ptm": {
        "0": 0.9443697333335876
    },
    "pair_chains_iptm": {
        "0": {
            "0": 0.9443697333335876
        }
    }
}