{
    "confidence_score": 0.9535444378852844,
    "ptm": 0.9581056237220764,
    "iptm": 0.0,
    "ligand_iptm": 0.0,
    "protein_iptm": 0.0,
    "complex_plddt": 0.9524041414260864,
    "complex_iplddt": 0.0,
    "complex_pde": 0.31410524249076843,
    "complex_ipde": 0.0,
    "chains_ptm": {
        "0": 0.9581056237220764
    },
    "pair_chains_iptm": {
        "0": {
            "0": 0.9581056237220764
        }
    }
}