{
    "confidence_score": 0.9603546261787415,
    "ptm": 0.9570342898368835,
    "iptm": 0.9517737627029419,
    "ligand_iptm": 0.0,
    "protein_iptm": 0.9517737627029419,
    "complex_plddt": 0.9624997973442078,
    "complex_iplddt": 0.9716652035713196,
    "complex_pde": 0.32651299238204956,
    "complex_ipde": 0.362083375453949,
    "chains_ptm": {
        "0": 0.968662440776825,
        "1": 0.9681974053382874
    },
    "pair_chains_iptm": {
        "0": {
            "0": 0.968662440776825,
            "1": 0.9517737627029419
        },
        "1": {
            "0": 0.9510146379470825,
            "1": 0.9681974053382874
        }
    }
}