{
    "confidence_score": 0.9615225195884705,
    "ptm": 0.9583986401557922,
    "iptm": 0.9531157612800598,
    "ligand_iptm": 0.0,
    "protein_iptm": 0.9531157612800598,
    "complex_plddt": 0.963624119758606,
    "complex_iplddt": 0.9708335399627686,
    "complex_pde": 0.32502463459968567,
    "complex_ipde": 0.3668675124645233,
    "chains_ptm": {
        "0": 0.9693745374679565,
        "1": 0.9699660539627075
    },
    "pair_chains_iptm": {
        "0": {
            "0": 0.9693745374679565,
            "1": 0.9526726007461548
        },
        "1": {
            "0": 0.9531157612800598,
            "1": 0.9699660539627075
        }
    }
}