{
    "confidence_score": 0.9626803398132324,
    "ptm": 0.9592428803443909,
    "iptm": 0.9539477229118347,
    "ligand_iptm": 0.0,
    "protein_iptm": 0.9539477229118347,
    "complex_plddt": 0.9648634791374207,
    "complex_iplddt": 0.9719379544258118,
    "complex_pde": 0.32360050082206726,
    "complex_ipde": 0.37475571036338806,
    "chains_ptm": {
        "0": 0.9705366492271423,
        "1": 0.9705862998962402
    },
    "pair_chains_iptm": {
        "0": {
            "0": 0.9705366492271423,
            "1": 0.9539477229118347
        },
        "1": {
            "0": 0.9535701274871826,
            "1": 0.9705862998962402
        }
    }
}