{
    "confidence_score": 0.9553724527359009,
    "ptm": 0.9598525166511536,
    "iptm": 0.9545855522155762,
    "ligand_iptm": 0.0,
    "protein_iptm": 0.9545855522155762,
    "complex_plddt": 0.9555691480636597,
    "complex_iplddt": 0.958373486995697,
    "complex_pde": 0.3103605806827545,
    "complex_ipde": 0.3577662408351898,
    "chains_ptm": {
        "0": 0.9763515591621399,
        "1": 0.9764781594276428
    },
    "pair_chains_iptm": {
        "0": {
            "0": 0.9763515591621399,
            "1": 0.9545207619667053
        },
        "1": {
            "0": 0.9545855522155762,
            "1": 0.9764781594276428
        }
    }
}