{
    "confidence_score": 0.9551147818565369,
    "ptm": 0.9599722027778625,
    "iptm": 0.955013632774353,
    "ligand_iptm": 0.0,
    "protein_iptm": 0.955013632774353,
    "complex_plddt": 0.9551400542259216,
    "complex_iplddt": 0.9601851105690002,
    "complex_pde": 0.31040143966674805,
    "complex_ipde": 0.3716818690299988,
    "chains_ptm": {
        "0": 0.9771159291267395,
        "1": 0.9769957065582275
    },
    "pair_chains_iptm": {
        "0": {
            "0": 0.9771159291267395,
            "1": 0.955013632774353
        },
        "1": {
            "0": 0.954399049282074,
            "1": 0.9769957065582275
        }
    }
}