{
    "confidence_score": 0.9549902081489563,
    "ptm": 0.9592012166976929,
    "iptm": 0.9549890756607056,
    "ligand_iptm": 0.0,
    "protein_iptm": 0.9549890756607056,
    "complex_plddt": 0.9549905061721802,
    "complex_iplddt": 0.9567216038703918,
    "complex_pde": 0.3086400628089905,
    "complex_ipde": 0.3623207211494446,
    "chains_ptm": {
        "0": 0.9764041304588318,
        "1": 0.9766488075256348
    },
    "pair_chains_iptm": {
        "0": {
            "0": 0.9764041304588318,
            "1": 0.9545323848724365
        },
        "1": {
            "0": 0.9549890756607056,
            "1": 0.9766488075256348
        }
    }
}