{
    "confidence_score": 0.9558928608894348,
    "ptm": 0.9602321982383728,
    "iptm": 0.9555907845497131,
    "ligand_iptm": 0.0,
    "protein_iptm": 0.9555907845497131,
    "complex_plddt": 0.9559683799743652,
    "complex_iplddt": 0.9579508900642395,
    "complex_pde": 0.30786949396133423,
    "complex_ipde": 0.36620646715164185,
    "chains_ptm": {
        "0": 0.9766398668289185,
        "1": 0.9769612550735474
    },
    "pair_chains_iptm": {
        "0": {
            "0": 0.9766398668289185,
            "1": 0.9551766514778137
        },
        "1": {
            "0": 0.9555907845497131,
            "1": 0.9769612550735474
        }
    }
}