{
    "confidence_score": 0.9514967203140259,
    "ptm": 0.9537214040756226,
    "iptm": 0.9475963711738586,
    "ligand_iptm": 0.0,
    "protein_iptm": 0.9475963711738586,
    "complex_plddt": 0.9524717330932617,
    "complex_iplddt": 0.9567407369613647,
    "complex_pde": 0.317481130361557,
    "complex_ipde": 0.37847888469696045,
    "chains_ptm": {
        "0": 0.9720112681388855,
        "1": 0.9725674390792847
    },
    "pair_chains_iptm": {
        "0": {
            "0": 0.9720112681388855,
            "1": 0.9475629329681396
        },
        "1": {
            "0": 0.9475963711738586,
            "1": 0.9725674390792847
        }
    }
}