{
    "confidence_score": 0.9607616662979126,
    "ptm": 0.956896185874939,
    "iptm": 0.9503704309463501,
    "ligand_iptm": 0.0,
    "protein_iptm": 0.9503704309463501,
    "complex_plddt": 0.9633594751358032,
    "complex_iplddt": 0.9689483046531677,
    "complex_pde": 0.325048565864563,
    "complex_ipde": 0.3827475607395172,
    "chains_ptm": {
        "0": 0.9694886207580566,
        "1": 0.9701139330863953
    },
    "pair_chains_iptm": {
        "0": {
            "0": 0.9694886207580566,
            "1": 0.9495700001716614
        },
        "1": {
            "0": 0.9503704309463501,
            "1": 0.9701139330863953
        }
    }
}