{
    "confidence_score": 0.9564872980117798,
    "ptm": 0.9589337110519409,
    "iptm": 0.9550623893737793,
    "ligand_iptm": 0.0,
    "protein_iptm": 0.9550623893737793,
    "complex_plddt": 0.9568435549736023,
    "complex_iplddt": 0.9602266550064087,
    "complex_pde": 0.30991846323013306,
    "complex_ipde": 0.3716127872467041,
    "chains_ptm": {
        "0": 0.9761552214622498,
        "1": 0.9764506220817566
    },
    "pair_chains_iptm": {
        "0": {
            "0": 0.9761552214622498,
            "1": 0.953729510307312
        },
        "1": {
            "0": 0.9550623893737793,
            "1": 0.9764506220817566
        }
    }
}