,time,Backbone,C-alphas,Protein
0,0.0,0.0,4.427852053837606e-07,4.2565183742442327e-07
1,1.0000000328495406,0.9619794761493451,0.9254108591715615,1.3235987464221082
2,2.0000000656990813,0.9622075647347311,0.932791274815929,1.4399393246440322
3,3.0000000985486217,1.0108656364213282,0.9820932961653157,1.4964573512175001
4,4.000000131398163,0.9016780505466111,0.8776131369417798,1.4414497506510902
5,5.000000164247703,1.1044735226056923,1.0880841404365202,1.6111414317257138
6,6.000000197097243,1.2847464633445635,1.2570723855433221,1.7311339394799448
7,7.000000229946784,1.2527773631036005,1.2282086024355559,1.77689892842969
8,8.000000262796325,1.2107478638770997,1.1984484472345296,1.763460735883365
9,9.000000295645865,1.3476115559529063,1.3257114682774191,1.8398580622298413
10,10.000000328495407,1.3038443956896415,1.290628166493125,1.8092335892703175
11,11.000000361344947,1.1121053748248957,1.0925682526053955,1.6768193035532817
12,12.000000394194487,0.9017818985189414,0.8809050428187013,1.5184197198706793
13,13.000000427044029,1.0378990210086698,1.02822179793617,1.5997551166008102
14,14.000000459893569,0.972692963092351,0.9574178541419103,1.5795170207030615
15,15.00000049274311,0.9845128629612266,0.9559221415795388,1.5568215580250009
16,16.00000052559265,1.0546740923954696,1.0368140349847081,1.616237999714722
17,17.000000558442192,1.1612444479544661,1.148462458509261,1.6878048714805434
18,18.00000059129173,1.132292285217737,1.1114401573017694,1.676323295441509
19,19.000000624141272,1.1915932795194937,1.1743147921290273,1.7240881979508496
20,20.000000656990814,1.328500238447489,1.3048287369416063,1.8457566757841253
21,21.000000689840352,1.461509280054595,1.4442073714384938,1.9326057696512853
22,22.000000722689894,1.4026229203499325,1.3828441176900335,1.9220550808501413
23,23.000000755539435,1.2321067770628136,1.2119904896166418,1.7874491398694712
24,24.000000788388974,1.2179709779339836,1.2004283156799913,1.8051208978812923
