{
    "confidence_score": 0.9558877348899841,
    "ptm": 0.9606530070304871,
    "iptm": 0.0,
    "ligand_iptm": 0.0,
    "protein_iptm": 0.0,
    "complex_plddt": 0.9546963572502136,
    "complex_iplddt": 0.0,
    "complex_pde": 0.3112967908382416,
    "complex_ipde": 0.0,
    "chains_ptm": {
        "0": 0.9606530070304871
    },
    "pair_chains_iptm": {
        "0": {
            "0": 0.9606530070304871
        }
    }
}