{
    "confidence_score": 0.9608203172683716,
    "ptm": 0.9580589532852173,
    "iptm": 0.9528295397758484,
    "ligand_iptm": 0.0,
    "protein_iptm": 0.9528295397758484,
    "complex_plddt": 0.9628180265426636,
    "complex_iplddt": 0.9709672331809998,
    "complex_pde": 0.3269613981246948,
    "complex_ipde": 0.3656197786331177,
    "chains_ptm": {
        "0": 0.9693893194198608,
        "1": 0.9695599675178528
    },
    "pair_chains_iptm": {
        "0": {
            "0": 0.9693893194198608,
            "1": 0.9528295397758484
        },
        "1": {
            "0": 0.9528099894523621,
            "1": 0.9695599675178528
        }
    }
}