{
    "confidence_score": 0.9610132575035095,
    "ptm": 0.9568609595298767,
    "iptm": 0.9521052837371826,
    "ligand_iptm": 0.0,
    "protein_iptm": 0.9521052837371826,
    "complex_plddt": 0.9632401466369629,
    "complex_iplddt": 0.9716572165489197,
    "complex_pde": 0.32917657494544983,
    "complex_ipde": 0.3762965202331543,
    "chains_ptm": {
        "0": 0.9675783514976501,
        "1": 0.9689502120018005
    },
    "pair_chains_iptm": {
        "0": {
            "0": 0.9675783514976501,
            "1": 0.9504703879356384
        },
        "1": {
            "0": 0.9521052837371826,
            "1": 0.9689502120018005
        }
    }
}